Year,Season,Paper,Type,Original,Reference_Answer,Source,Notes
2015,June,1,Writing,"Knowledge is a treasure, but practice is the key to it. Write an essay (150-200 words).","Practice turns theoretical knowledge into usable skills; students should combine study with hands-on projects to consolidate learning.","https://wenku.baidu.com/view/8919e56aac45b307e87101f69e3143323968f5ec.html; https://cet6.koolearn.com/zhuanti/201506cet6zhenti/","Source: Baidu Wenku / New Oriental; recommend verifying with original scan"
2015,December,1,Writing,"Some people suggest that young people should be asked to participate in community service activities in their spare time. Write a composition (~200 words).","Community service cultivates social responsibility and practical skills; universities should provide more volunteer opportunities.","https://www.wendu.com/siji/2015/1118/349603.shtml; https://mockist.net/practice/cn-cet6","Source: Wendu / Mockist; verify full-text PDF"
2016,June,1,Writing,"On Voluntary Work. Discuss significance and how to promote it (150-200 words).","Voluntary work benefits students by improving empathy and practical ability; colleges can incentivize participation via credits and organized programs.","https://blog.csdn.net/weixin_55690020/article/details/155695253","Source: CSDN compilation; seek original paper for exact wording"
2016,December,1,Writing,"On invention: importance and measures to encourage invention (150-200 words).","Inventions drive social progress; governments and universities should fund R&D and protect IP rights to encourage innovation.","https://cet46.wendu.com/2016/1217/34108.shtml; https://cet6.koolearn.com/20161217/806029.html","Source: Wendu / New Oriental"
2017,June,1,Writing,"On Volunteering. Explain benefits for college students (150-200 words).","Volunteering enhances civic awareness and soft skills; schools should integrate service-learning into curricula.","https://cet6.koolearn.com/20170609/811428.html; https://edu.sina.com.cn/cet/2017-06-17/doc-ifyhfnrf9282538.shtml","Source: New Oriental / Sina Education"
2017,December,1,Writing,"Comment on the saying 'Respect others, and you will be respected.' (150-200 words).","Mutual respect builds harmonious relationships; education and family upbringing play key roles.","https://m.book118.com/html/2022/1102/6150024223005011.shtm; https://cet6.koolearn.com/20171214/817193.html","Source: Book118 / New Oriental; multiple test sets exist"
2018,June,1,Writing,"The Importance of Building Trust Between Employers and Employees (150-200 words).","Trust improves workplace efficiency and morale; employers should be transparent and provide fair treatment.","https://m.kekenet.com/cet6/201810/567219.shtml; https://github.com/Drhm1224/cet6-all-in-one","Source: Kekenet / GitHub; verify exact wording across test sets"
2018,June,1,Translation,"English passage on public libraries and e-resources (translate into Chinese).","Public libraries provide access to physical and digital resources; modern libraries also offer e-books and online databases.","https://m.kekenet.com/cet6/201810/567219.shtml","Source: Kekenet; approximate passage—needs original paper verification"
2018,December,1,Writing,"(Typical theme) Importance of workplace communication and teamwork (150-200 words).","Team communication enhances productivity; encourage regular meetings and clear role definitions.","https://m.kekenet.com/cet6/201810/567219.shtml; https://wenku.baidu.com","Source: Kekenet / Baidu Wenku; verify with original PDFs"
2019,June,1,Writing,"The importance of motivation and methods in learning (150-200 words).","Motivation + effective methods yield better learning outcomes; teachers should foster intrinsic motivation.","https://zhuanlan.zhihu.com/p/69291582; https://m.kekenet.com/cet6/201912/601835.shtml","Source: Zhihu / Kekenet; multiple test sets"
2019,June,1,Translation,"汉译英 sample: Chinese idioms and their expressive power (translate into English).","Idioms condense cultural meaning; using them correctly enriches expression—sample English translation provided.","https://zhuanlan.zhihu.com/p/69291582; https://m.kekenet.com/cet6/201912/601835.shtml","Source: Zhihu / Kekenet; verify original Chinese paragraph"
2019,December,1,Writing,"The importance of having a sense of family/social/community responsibility (150-200 words).","Responsibility fosters social cohesion; education should cultivate responsibility in youth.","https://www.doc88.com/p-60387939211547.html; https://zhuanlan.zhihu.com/p/259322836","Source: Doc88 / Zhihu; multiple versions exist"
2019,December,1,Translation,"英译汉 sample: Passage on China's high-speed rail development (translate into Chinese).","High-speed rail has transformed travel and economy; reference translation available.","https://m.kekenet.com/cet6/202010/619444.shtml; https://www.doc88.com/p-60387939211547.html","Source: Kekenet / Doc88; seek original paper"
2020,June,1,Writing,"(Typical topic) Online/remote education and its pros/cons (150-200 words).","Online education increases accessibility but needs engagement strategies; blend with offline for best results.","https://zhuanlan.zhihu.com/p/1975140846945973213; https://wenku.baidu.com","Source: Zhihu / Baidu Wenku; verify with official sets"
2020,December,1,Writing,"Why students should be encouraged to develop the ability to meet challenges (150-200 words).","Facing challenges builds resilience and adaptability; curriculum should include challenge-based projects.","https://wenku.baidu.com/view/f8b58922152ded630b1c59eef8c75fbfc67d946a.html; https://www.wehuster.com/cet6","Source: Baidu Wenku / WeHUSTER"
2020,December,1,Translation,"英译汉 sample: Passage on the Yangtze River's importance (translate into Chinese).","The Yangtze River's geography and economic significance; reference Chinese translation.","https://wenku.baidu.com/view/f8b58922152ded630b1c59eef8c75fbfc67d946a.html; https://www.wehuster.com/cet6","Source: Baidu Wenku / WeHUSTER; verify with original"
2021,June,1,Writing,"(Typical) Balancing Internet use and critical evaluation of online information (150-200 words).","Students need media literacy to discern misinformation; schools should teach verification skills.","https://www.doc88.com/p-11673989367441.html?r=1; https://cet6.koolearn.com/20211218/850672.html","Source: Doc88 / New Oriental; check exact year/season mapping"
2021,December,1,Writing,"Topics: internet misinformation; star-chasing among teenagers; overprotective parenting (three sets).","Each asks for commentary and suggested measures (150-200 words).","https://www.doc88.com/p-11673989367441.html?r=1; https://cet6.koolearn.com/20211218/850672.html","Source: Doc88 / New Oriental; three sets documented"
2021,December,1,Translation,"英译汉/汉译英 samples: Urbanization statistics passage; cultural festival description (translate accordingly).","Translations focus on urbanization, statistics, and cultural introductions; reference answers available.","https://www.studocu.com/row/document/southwestern-university-of-finance-and-economics/cet6-english/2021-cet6/43853642; https://zhuanlan.zhihu.com/p/1975140846945973213","Source: Studocu / Zhihu; verify full paragraphs"
2022,June,1,Writing,"(Sample) Nowadays more and more people choose to live an environmentally friendly lifestyle (150-200 words).","Discuss environmental-friendly lifestyles and propose actions individuals/communities can take.","https://m.koolearn.com/cet6/20220611/860152.html; http://edu.newdu.com/CET6/Synthetical/OldExam/202206/3921643.html","Source: Koolearn / Newdu; check set variants"
2022,June,1,Translation,"汉译英 samples: Nanjing Yangtze Bridge, Lugou Bridge, Zhaozhou Bridge passages (translate into English).","Reference English translations describing historical and structural facts about Chinese bridges.","http://edu.newdu.com/CET6/Synthetical/OldExam/202206/3921643.html; https://m.koolearn.com/cet6/20220611/860152.html","Source: Newdu / Koolearn; original wording to be confirmed"
2022,December,1,Writing,"Themes: rural revitalization & youth responsibility; mental health & academic pressure (picture); cultural confidence (three sets).","Each set asks for commentary/analysis and suggestions (150-200 words).","https://github.com/Drhm1224/cet6-all-in-one/blob/main/exam/writing/writing_topics.md; https://zhuanlan.zhihu.com/p/597864775","Source: GitHub / Zhihu; verify with official PDFs"
2022,December,1,Translation,"汉译英 samples: Loess Plateau; Yunnan-Guizhou Plateau; Qinghai-Tibet Plateau passages translate into English.","Reference translations describe geography, ecology, and importance of plateaus.","https://news.koolearn.com/20221210/1256167.html; https://www.docin.com/p-3399603168.html","Source: Koolearn / Docin; confirm exact original text"
2023,June,1,Writing,"Sets: mental health awareness; tech innovation vs. social responsibility (picture); lifelong learning (150-200 words).","Discuss mental health, ethics of tech innovation, or benefits of lifelong learning; give examples and suggestions.","https://www.doc88.com/p-99129852617056.html; https://github.com/Drhm1224/cet6-all-in-one/blob/main/exam/writing/writing_topics.md","Source: Doc88 / GitHub; multiple sets"
2023,June,1,Translation,"汉译英 samples: urban living improvements; Chinese cultural products going global (translate into English).","Reference English translations on urban improvement and cultural export trends.","https://cet4-6.xdf.cn/202306/13360547.html; https://www.doc88.com/p-99129852617056.html","Source: XDF / Doc88; confirm original paragraphs"
2024,June,1,Writing,"Sets: digital literacy; social practice vs. academic learning; independent learning (150-200 words).","Write essays on digital skills' importance, value of social practice, or independent learning strategies.","https://www.tingclass.net/show-612-593026-1.html; https://www.51test.net/show/11093738.html; https://www.tccu.edu.cn/jcb/2025/0609/c1832a49753/page.htm","Source: Tingclass / 51Test / TCCU; verify with official release"
2024,June,1,Translation,"英译汉 sample: Dujiangyan Irrigation System passage (translate into Chinese).","Reference Chinese translation describing history and functions of Dujiangyan.","https://zhenti.burningvocabulary.cn/cet6; https://github.com/TanGuilin520/CET6-Translation-Notes","Source: Zhenti / GitHub notes; confirm with original"
2024,December,1,Writing,"(Sample) To increase the likelihood of success, set realistic goals and persistently work toward them (150-200 words).","Discuss goal-setting and persistence with examples and strategies.","https://cet4-6.xdf.cn/202412/13999025.html; https://www.wehuster.com/cet6","Source: XDF / WeHUSTER; check full text"
2024,December,1,Translation,"汉译英 sample: BeiDou Satellite Navigation System passage (translate into English).","Reference English translation about BeiDou's development and applications.","https://cet4-6.xdf.cn/202412/13999025.html; https://www.docin.com/p-4869409517.html","Source: XDF / Docin; verify exact wording"
2025,June,1,Writing,"Sets: AI impact on employment (picture/argument); persistence vs. quitting; digital vs. traditional reading (150-200 words).","Discuss AI and jobs, when to persist/quit, or pros/cons of digital vs. traditional reading with suggestions.","https://github.com/Drhm1224/cet6-all-in-one/blob/main/exam/writing/writing_topics.md; https://blog.csdn.net/weixin_55690020/article/details/155695253","Source: GitHub / CSDN; 2025 items may be summarised from public compilations—confirm with official papers"
2025,June,1,Translation,"英译汉 sample: Tiangong Space Station / Guangdong-Hong Kong-Macao GBA passages (translate into Chinese).","Reference Chinese translations about Tiangong and GBA development.","https://studylib.net/doc/28587272/%E5%85%AD%E7%BA%A7%E7%BF%BB%E8%AF%91%E8%8C%83%E6%96%87-2015-2025; https://wenku.baidu.com/view/f0c880332b60ddccda38376baf1ffc4ffe47e2fb.html","Source: StudyLib / Baidu Wenku; confirm with original exam papers"
